S.NO.,PART NO.,ITEMS,DESCRIPTION,QTY,MRP
1,DIESEL FILTER,,,,
2,1457 431 003 ,D.FILTER,1LTR CLOTH,0,161
3,F 002 H24 406 ,D.FILTER,1LTR PAPER,59,146
4,9451 037 409 ,D.FILTER,1.1 LTR COIL,41,162
5,9451 037 404 ,D.FILTER,0.5 LTR CLOTH,30,
6,F 002 H22 405 ,D.FILTER,0.5 LTR PAPER,2,134
7,9451 037 407 ,D.FILTER,0.5 LTR COIL,63,121
,F 002 H27 407,D.FILTER,0.5 LTR COIL,75,97
8,F 002 H27 737 ,D.F. KIT,0.5 LTR CLOTH + PAPER SET,941,193
9,F 002 H27 738,D.F. KIT,0.5LTR CLOTH + COIL SET,110,184
10,F 002 H27 739,D.F. KIT                                            ,0.5LTR COIL SET,682,184
12,F 002 H20 239,D.FILTER ,TC SMALL,12,283
13,F 002 H21 252,D.FILTER ,T.C.BIG,7,441/463
14,F 002 H20 306,D.FILTER,NEW HOLLAND PRIMARY,102,400
15,F 002 H20 308,D.FILTER,NEW HOLLAND SECONDARY,103,396
16,F 002 H21 298,D.FILTER,LEYLAND HINO,8,1301
17,F 002 H21 299,D.FILTER                                               ,CAV SINGLE,91,136/143
18,F 002 H22 095,D.FILTER,"ASHOK LEYLAND, TATA, SWARAJ MAZDA",9,1854
19,F 002 H24 725,D.FILTER ,EICHER 725 OR 718 YE DONO SATHME LAGTE HE ,5,1550
20,F 002 H22 283,D.FILTER                              ,MAXIMO,293,363
22,9 451 037 420,D.FILTER,0.2 LTR KIRLOSKER,100,51
25,F 002 H20 740,D.FILTER,T.C KIT,2,1118
26,F 002 H25 949,DIESEL FILTER  ,h24 851 eicher,12,1064
27,F 002 H24 928,DIESEL FILTER  ,kit MASSEY,30,379
28,F 002 H24 930,DIESEL FILTER  ,kit M.DI.,24,586
29,F 002 H24 931,DIESEL FILTER  ,kit swaraj,8,268
30,F 002 H24 932,DIESEL FILTER  ,kit FORD,17,424
31,F 002 H24 718,D.FILTER -,EICHER PRO,4,1061
32,F 002 H20 364,LINE FILTER,FARMTRAC DEISEL FILTER SINGLE,91,392
33,F 002 H25 993,DIESEL FILTER,-H25 940     y,36,1118
34,F 002 H24 500,DIESEL FILTER ,T.C SMALL SAME AS H20239,3,283
35,F 002 H24 501, DIESEL FILTER ,Tata cummins BS3  252,3,485
36,F 002 H24 504, FILTER KIT,Tata cummins BS3 ,2,1138
37,F 002 H26 311,DIESEL FILTER,ASHOK LEYLAND BS4,7,2318
38,F 002 H26 310,DIESEL FILTER,ASHOK LEYLAND BOSS,5,998/1048
39,F 002 H26 309,DIESEL FILTER,ASHOK LEYLAND BOSS,3,546
41,F 002 H26 359,DIESEL FILTER,ARJUN TRACTOR,10,1249
42,F 002 H26 360,DIESEL FILTER,,1,1430
43,F 002 H27 515,DIESEL FILTER,TATA 1612 TO 3118 WITH 697 ENGINE BS3,15,1409/1342
44,F 002 H24 365,DIESEL FILTER,TATA CUMMINS 2515 TO 4018,3,1352
45,F 002 H25 859,DIESEL FILTER ,H25 868,104,208
46,F 002 H25 960,,H24 858 TATA ULTRA BS6,2,1720
47,F 002 H25 965,,H24 860,0,
48,F 002 H25 964,,TATA ULTRA BS6,2,2039
50,OIL  FILTER,,,,
53,9 451 037 422,OIL FILTER,INTER O/M PAPER,12,95
54,9 451 037 423,OIL FILTER,MASSEY O/M PAPER,6,85
55,9 451 037 424,OIL FILTER, LEYLAND,0,211
56,9 451 037 432,OIL FILTER,ESCORT TRACTOR,41,276
57,9 451 037 433,OIL FILTER,HTM,118,120
58,9 451 037 434,OIL FILTER,FORD,201,260
59,9 451 037 438,OIL FILTER ,TATA S H-20 254--585 O/M 1210,1,408
60,9 451 037 441,OIL FILTER,EICHER TRACTOR PAPER,13,114
61,9 451 037 445,OIL FILTER,TEMPO TRAX,0,
63,9 451 037 447,HYD FILTER ,FORD HYD FILTER,83,298
64,9 451 037 456,OIL FILTER,407 PAPER ,11,345
69,9 951 030 141,OIL FILTER,EICHER CANTER,6,208
73,F 002 H20 230,OIL FILTER,SIMSON,0,85
74,F 002 H20 236,OIL FILTER,BALWAN TRAX,46,295
75,F 002 H20 240,OIL FILTER ,T.C.,7,415
76,F 002 H20 241,OIL FILTER, L/L HINO,5,239
77,F 002 H20 244,OIL FILTER,MAHINDRA,90,239
78,F 002 H20 246,OIL FILTER,SWARAJ,94,124
79,F 002 H20 247,OIL FILTER,MASSEY DI,116,253
82,F 002 H20 353,HYD FILTER ,N/HOLLAND HYD.,17,537
85,F 002 H20 359,HYD FILTER ,M&M ARJUN,10,417
86,F 002 H20 360,HYD FILTER ,M&M HYD.,32,286
87,F 002 H26 565,H/FILTER ,"MDI 575,605",5,410
88,F 002 H20 361,OIL FILTER   ,EICHER D.I.,67,330
91,F 002 H23 566,OIL FILTER,TATA,0,
92,F 002 H23 570,OIL FILTER,,0,443
93,F 002 H23 571,OIL FILTER,TATA CUMMINS 6BT BS3 TML 497 BS4,5,1325
94,F 002 H23 572,OIL FILTER,LEYLAND HARVESTER,38,1656
95,F 002 H23 582,DIESEL FILTER,19644 TATA BS3 1612,6,1385
96,F 002 H23 590,OIL FILTER,ID320451 EICHER&LEYLAND,3,
97,F002 H24 312,OIL FILTER,MAHINDRA ARJUN,46,288
98,F 002 H24 313,OIL FILTER,,0,
99,F 002 H26 576,OIL FILTER,FARMTRAC CLASSIC WHITE,2,746
100,F 002 H24 342,OIL FILTER,MAHINDRA YUVRAJ 215,2,
101,F 002 H24 384,OIL FILTER,"M&M SARPANCH, TURBO YELLOW",50,293/329
102,F 002 H24 412,OIL FILTER,johndeer,47,372
103,F 002 H24 502,OIL FILTER ,SAMSE AS 240,10,407
104,F 002 H24 520,BYPASS FILTER,EICHER CANTER,10,335
105,F 002 H24 991,H/FILTER ,3130 nholland,10,345
106,F 002 H24 992,HYD FILTER ,NEW HOLLAND,11,378
107,F 002 H24 993,H/FILTER ,Swaraj,30,396
108,F 002 H24 994,H/FILTER ,SONALIKA,20,406
109,F 002 H24 995,H/FILTER,ESCORT TRACTOR,13,440
110,F 002 H24 996,H/FILTER, ESCORT/FARMTRAC,7,247
111,F 002 H26 317,O/FILTER ,JCB,7,494
114,F 002 H26 313,O/FILTER ,LEYLAND,12,746
115,F 002 H60 015,O/FILTER ,LF16082,4,396
116,F 002 H60 022,O/FILTER ,"L/L HINO LF9028, LF16079",6,319
117,F 002 H20 031,O/FILTER ,,0,
118,F 002 H20 032,O/FILTER ,,0,
120,F 002 H24 420,O/FILTER ,LEYLAND DOST,26,238
121,F 002 H26 361,O/FILTER ,,2,1993
122,F002H26318,H/FILTER ,JCB,3,817
123,F 002 H27 505,OIL FILTER,,4,1407
126,AIR FILTER,,,,
128,F 002 H20 245,AIR FILTER,MAHINDRA,126,197
129,F 002 H24 923,AIR FILTER,EICHER,22,124
130,F 002 H21 218,AIR FILTER,"AF947, AF25939, AF26004 16121510",0,1680
131,F 002 H21 219,AIR FILTER,"AF963, AF25948, AF26008",0,
132,F 002 H21 295,AIR FILTER ,AF25884 1613,0,
133,F 002 H21 296,AIR FILTER,AF25885,0,
,F 002 H23 561,AIR FILTER,DOUBLE FILTER H60011 + H60010,4,2352
134,F 002 H23 587,AIR FILTER,OUTSIDE OF H23589,4,2752
135,F 002 H23 589 ,AIR FILTER,CONE A/F,5,3546
136,F 002 H23 594,,,7,1972/2031
137,F 002 H24 418,AIR FILTER  ,407 TURBO,0,2838
139,F 002 H23 498,AIR FILTER,,0,
140,F 002 H23 564,AIR FILTERL/P ,TATA 709/712 LEYLAND 2214 HINO 1613 STAR BUS 1109,1,1478
141,F 002 H23 575,AIR FILTER,"PREET, SONALIKA BIG",7,1400
142,F 002 H23 578,AIR FILTER KIT,johndeer,33,1045
143,F 002 H23 591,AIR FILTER KIT,SWARAJ,28,210
144,F 002 H24 922,AIR FILTER  ,MASSEY,11,278
145,F 002 H60 006,AIR FILTER,TATA 407,0,950
146,F 002 H60 007,AIR FILTER,AF1842 INSIDE OF H60007,0,
147,F 002 H60 010,AIR FILTER,"AF4670, AF25930, AF25931",1,564
148,F 002 H60 011,AIR FILTER," L/L 2214  25939 AF4669, AF25921, AF25922",8,1804
149,F 002 H60 012,AIR FILTER,BOLERO,2,371
150,F 002 H60 025,AIR FILTER,LEYLAND,0,
151,F 002 H60 028,AIR FILTER,,0,
152,F 002 H60 ,AIR FILTER,MAXIMO,0,
153,F 002 H60 ,AIR FILTER,INDICA L-5001,0,
154,F 002 H60 ,AIR FILTER,,0,
155,F 002 H24 415,AIR FILTER KIT,,0,
156,F 002 H26559,A/F ,TATA SIGMA,1,4564
157,F 002 H26 556,A/F ,LEYLAND BS6,1,4839
165,PETROL FILTER,,,,
166,F 002 R20 000,PETROL FILTER,,0,
167,F 002 R20 002,PETROL FILTER,,0,
168,F 002 H20 387,W/SEPARATOR,,7,301
169,F 002 H23-535,FUEL STAINER,,15,143
170,F 002 H23-536,FUEL STAINER,,17,150
